,Low,Medium,High,Default
Low,0.7778975962844388,0.14369654012301633,0.04136886975174943,0.03703699384079466
Medium,0.47965941398364376,0.22588918674696806,0.12710594979693793,0.1673454494724492
High,0.10333717455859504,0.11072851221815617,0.1395023155256896,0.6464319976975581
Default,0.006901090896140818,0.005366750890918788,0.0025302412514686856,0.98520191696147
