,Low,Medium,High,Default
Low,0.9405551575103428,0.0536898791226569,0.0028659255321607,0.0028890378348394
Medium,0.1812080536912751,0.7087877516778524,0.1090604026845637,0.0009437919463087
High,0.0,0.0953806672369546,0.6822070145423439,0.2224123182207014
Default,0.0008094544277157,0.0014570179698882,0.0004856726566294,0.9972478549457664
