,Low,Medium,High
Low,42.10843556461225,10.882778171279377,4.095579016739948
Medium,28.458795904029575,11.156232140106077,4.095466899491556
High,5.306359876701979,2.080164698572147,4.09918812435483
