,Low,Medium,High,Default
Low,0.8573112836671262,0.11199231397126402,0.01942249586571774,0.011273906495891599
Medium,0.3758132851436467,0.4009547043366335,0.16170189819609526,0.061530112323623994
High,0.040828396731153044,0.14114265356422812,0.3394100307675051,0.4786189189371133
Default,0.002995447086693923,0.003466227950635218,0.0014356352171211425,0.9921026897455488
