,Low,Medium,High,Default
Low,0.6785806063078342,0.14902016946227598,0.05631019520645576,0.11608902902343224
Medium,0.49576541599283863,0.13492367697122784,0.06670982612588673,0.3026010809100447
High,0.15237457408288918,0.05877769137352849,0.039445719773791625,0.7494020147697881
Default,0.015002990569064331,0.007771456993989095,0.0038134093444816674,0.9734121430924614
