,Low,Medium,High
Low,47.16465752029475,9.953727776611473,3.841267779950593
Medium,33.06497217084527,10.846880271499952,4.020626435179425
High,9.923941849392316,3.255523957664183,4.35343162186408
