,Low,Medium,High,Default
Low,0.836142236909,0.139895989389,0.020881355111999997,0.003062508399
Medium,0.3672263562240001,0.4101623136440001,0.161110222593,0.06127611406200001
High,0.023335825058,0.085549725027,0.36824195685600003,0.5228589786750001
Default,0.000214682832,0.0028930262400000007,0.04630485420000001,0.9505873159840001
