,Low,Medium,High,Default
Low,0.7509952758947038,0.17614826228480618,0.04782965703651851,0.024962160872303345
Medium,0.4614486737441548,0.23356682661520942,0.13591445076597944,0.16874400975425768
High,0.05963366149222936,0.07136950438094143,0.1740832664555805,0.6948753475127805
Default,0.00252653762195618,0.007928085195996885,0.06153877616349348,0.9280050849582149
