horizon_months,Low,Medium,High,Default
0,0.633043,0.054678,0.029225,0.283054
1,0.605549,0.075943,0.027852,0.290656
3,0.565305,0.097925,0.031462,0.305308
6,0.523643,0.108072,0.037931,0.330354
