horizon_months,Low,Medium,High,Default
0,0.48492,0.139727,0.078935,0.296418
1,0.475964,0.137433,0.077321,0.309268
3,0.458679,0.132759,0.07543,0.33309
6,0.434105,0.126037,0.074167,0.365611
