,Low,Medium,High
Low,0.9405551575103428,0.0536898791226569,0.0028659255321607
Medium,0.1812080536912751,0.7087877516778524,0.1090604026845637
High,0.0,0.0953806672369546,0.6822070145423439
