risk_state,Low,Medium,High,Default
Low,0.9405463310123192,0.056775575790037495,0.002678093197643278,0.0
Medium,0.18867924528301888,0.692722371967655,0.11859838274932614,0.0
High,0.0,0.08181818181818182,0.7227272727272728,0.19545454545454546
Default,0.0,0.0,0.016605166051660517,0.9833948339483395
