risk_state,Low,Medium,High,Default
Low,0.9405487804878049,0.056402439024390245,0.001524390243902439,0.001524390243902439
Medium,0.1897810218978102,0.6861313868613139,0.12408759124087591,0.0
High,0.0,0.08064516129032258,0.6451612903225806,0.27419354838709675
Default,0.02459016393442623,0.0,0.00819672131147541,0.9672131147540983
