risk_state,Low,Medium,High,Default
Low,0.9145569620253164,0.08544303797468354,0.0,0.0
Medium,0.2222222222222222,0.6555555555555556,0.12222222222222222,0.0
High,0.0,0.125,0.53125,0.34375
Default,0.0,0.0,0.0,1.0
