risk_state,Low,Medium,High,Default
Low,0.9432291666666667,0.0484375,0.0026041666666666665,0.005729166666666666
Medium,0.14672686230248308,0.7358916478555305,0.11060948081264109,0.006772009029345372
High,0.0,0.1024390243902439,0.6487804878048781,0.24878048780487805
Default,0.0,0.0,0.0,1.0
