risk_state,Low,Medium,High,Default
Low,0.9291461916461916,0.0687960687960688,0.002057739557739558,0.0
Medium,0.17772888399951106,0.7175161960640508,0.10475491993643808,0.0
High,0.0,0.05451037144235408,0.7011577424023154,0.24433188615533044
Default,0.0,0.0,0.02155593009846536,0.9784440699015347
