risk_state,Low,Medium,High,Default
Low,0.9392436453812771,0.0548503931869351,0.003165073253499527,0.00274088817828825
Medium,0.1785028790786948,0.7147497416211428,0.10674737930016241,0.0
High,0.0,0.09966877446552243,0.6928635953026197,0.20746763023185788
Default,0.0007562389715149988,0.0015124779430299975,0.0,0.997731283085455
