risk_state,Low,Medium,High,Default
Low,0.9407986740560419,0.05358160252758067,0.0028487077225876627,0.002771015693789817
Medium,0.1810977052282943,0.7077123255263781,0.11048024603737876,0.0007097232079489
High,0.0,0.09503342884431709,0.6824259789875836,0.22254059216809932
Default,0.00036483035388544326,0.0016417365924844946,0.00036483035388544326,0.9976286026997446
