risk_state,Low,Medium,High,Default
Low,0.9369627507163324,0.06017191977077364,0.0028653295128939827,0.0
Medium,0.23214285714285715,0.6607142857142857,0.10714285714285714,0.0
High,0.0,0.06451612903225806,0.6129032258064516,0.3225806451612903
Default,0.0,0.0,0.04054054054054054,0.9594594594594594
