risk_state,Low,Medium,High,Default
Low,0.9501312335958005,0.048556430446194225,0.0013123359580052493,0.0
Medium,0.18620689655172415,0.7103448275862069,0.10344827586206896,0.0
High,0.0,0.058823529411764705,0.47058823529411764,0.47058823529411764
Default,0.0,0.0,0.029411764705882353,0.9705882352941176
