risk_state,Low,Medium,High,Default
Low,0.9410127395353817,0.05277807515255326,0.0024622631409913285,0.003746922171073761
Medium,0.18077276908923642,0.7120515179392825,0.10441582336706531,0.0027598896044158236
High,0.0,0.0803921568627451,0.6833333333333333,0.23627450980392156
Default,0.0,0.0,0.0,1.0
