From,Low,Medium,High,Default
Low,0.9405551575103428,0.05368987912265699,0.002865925532160769,0.002889037834839485
Medium,0.18120805369127516,0.7087877516778524,0.10906040268456375,0.0009437919463087249
High,0.0,0.09538066723695467,0.6822070145423439,0.22241231822070145
Default,0.0008094544277157196,0.0014570179698882952,0.00048567265662943174,0.9972478549457665
