risk_state,Low,Medium,High,Default
Low,0.9515096065873742,0.04544068313510217,0.001219884111009454,0.0018298261665141812
Medium,0.21392190152801357,0.6281833616298812,0.15280135823429541,0.0050933786078098476
High,0.0,0.09850746268656717,0.573134328358209,0.3283582089552239
Default,0.0030257186081694403,0.0045385779122541605,0.0045385779122541605,0.9878971255673222
